link,status,title,description,keywords,error
http://www.fsis.usda.gov/food-safety/safe-food-handling-and-preparation/meat-fish/sausages-and-food-safety,error,,,,"Message: disconnected: Unable to receive message from renderer
  (failed to check if window was closed: disconnected: not connected to DevTools)
  (Session info: chrome-headless-shell=127.0.6533.100)
Stacktrace:
	GetHandleVerifier [0x01168923+23283]
	(No symbol) [0x0112E934]
	(No symbol) [0x01060733]
	(No symbol) [0x0104C90D]
	(No symbol) [0x0104C778]
	(No symbol) [0x0104AEDD]
	(No symbol) [0x0104B1FB]
	(No symbol) [0x01063154]
	(No symbol) [0x010DD4D7]
	(No symbol) [0x010C441C]
	(No symbol) [0x010DCB8D]
	(No symbol) [0x010C41B6]
	(No symbol) [0x01098017]
	(No symbol) [0x0109890D]
	GetHandleVerifier [0x0125A5E3+1013683]
	GetHandleVerifier [0x01263E3C+1052684]
	GetHandleVerifier [0x0125D4A4+1025652]
	GetHandleVerifier [0x0118EA2B+179195]
	(No symbol) [0x01136833]
	(No symbol) [0x01133198]
	(No symbol) [0x01133337]
	(No symbol) [0x0112B4BE]
	BaseThreadInitThunk [0x76F97BA9+25]
	RtlInitializeExceptionChain [0x77B2C10B+107]
	RtlClearBits [0x77B2C08F+191]
"
https://applegate.com/products/natural-classic-pork-breakfast-sausage,success,Products - Breakfast Sausage - Natural Classic Pork Breakfast Sausage - Applegate,"Calling all sausage fans, here’s your classic favorite.",Keywords meta tag not found.,
https://boarshead.com/products/franks-sausages-and-more,success,"16 Flavorful Franks, Sausages & More Choices | Premium Deli Products | Boar's Head",We’re proud to craft the finest franks and sausages in the land. Voted ,Keywords meta tag not found.,
https://carando.sfdbrands.com/en-us/products/fresh-sausage/,success,Attention Required! | Cloudflare,Description meta tag not found.,Keywords meta tag not found.,
https://conecuhsausage.com/product-category/smoked-sausage/,success,Smoked Sausage - Conecuh Sausage,Description meta tag not found.,Keywords meta tag not found.,
https://doghaus.com/menu/haus-sausages/,success,HAUS SAUSAGES - Doghaus,"THE FONZ spicy italian, pastrami, mozzarella RESERVOIR HOG polish kielbasa, haus chili, haus slaw, yellow mustard T-MEX beef chorizo & pepper jack sausage, avocado, chipotle aioli, haus slaw, pickled jalapeños, pickled peppers DAS BRAT bratwurst, caramelized onions, sauerkraut, spicy brown mustard BEYOND® BRAT BEYOND SAUSAGE® BRATWURST, SAUERKRAUT, CARAMELIZED ONIONS, SPICY BROWN MUSTARD SOOO VEGGIE BEYOND SAUSAGE® HOT ITALIAN,",Keywords meta tag not found.,
https://en.wikipedia.org/wiki/List_of_sausages,success,List of sausages - Wikipedia,Description meta tag not found.,Keywords meta tag not found.,
https://en.wikipedia.org/wiki/Sausage,success,Sausage - Wikipedia,Description meta tag not found.,Keywords meta tag not found.,
https://framani.com/collections/cooked-sausages,success,COOKED SAUSAGES – Fra' Mani,Description meta tag not found.,Keywords meta tag not found.,
https://gilbertssausages.com/products,success,Our Sausages | Gilbert’s Craft Sausages,Description meta tag not found.,Keywords meta tag not found.,
https://grasslandbeef.com/collections/all-sausage,success,All Sausages | US Wellness Meats,"Browse our selection of quality, sustainably raised sausage, free of sugars, nitrates, and preservatives. From delicious breakfast sliders to rich, chicken feta & spinach sausage links, and more.",Keywords meta tag not found.,
https://heritagefoods.com/collections/sausages,success,Sausages | Heritage Foods,"Our sausages and hot dogs are crafted by the country’s best artisans using 100% heritage breed meats, raised on pasture and antibiotic-free. Satisfaction guaranteed.",Keywords meta tag not found.,
https://heritagefoods.com/collections/sausages?srsltid=AfmBOorjPGHqcdc5E7sIAayC4N9ysP35-Wdq8SXBHVtirZrJNAiPJbZV,success,Sausages | Heritage Foods,"Our sausages and hot dogs are crafted by the country’s best artisans using 100% heritage breed meats, raised on pasture and antibiotic-free. Satisfaction guaranteed.",Keywords meta tag not found.,
https://honest-food.net/cured-meat/fresh-sausages/,success,Homemade Sausage Recipes - How to Make Sausage | Hank Shaw,"Homemade sausage recipes for pork, beef, venison, duck, chicken, and other meats, with 50 tested recipes for making sausage at home.",Keywords meta tag not found.,
https://hot-dog.org/sausage-basics/sausage-glossary,success,Sausage Glossary | NHDSC,"A Guide to Sausage Varieties

Sausage, whether fresh, cooked or cured, remains a staple of the diet around the world. Regions and cultures use various seasonings to make their sausages uniquely their own

The sausages and meats are listed alphabetically. The group to which each sausage belongs is indicated next to the name of the sausage.",Keywords meta tag not found.,
https://johnsonville.com/,success,Welcome to Johnsonville | America's Favorite Sausage,"Whether you enjoy grilling it, cooking it, or learning about it, you'll find everything you need to know about preparing high-quality sausage.",Keywords meta tag not found.,
https://johnsonville.com/products/mild-italian-links/,success,Mild Italian Sausage | Johnsonville,"This Mild Italian Sausage is perfectly blended with fresh herbs and spices, giving it a delightful taste, while keeping that Johnsonville flavor you love.",Keywords meta tag not found.,
https://jollyposhfoods.com/collections/british-sausages,success,Real British Sausages in the USA | Jolly Posh Foods,Expertly Prepared and Delicious British Sausages in the USA ✔ Delivering to Households Across America ✔ FREE Delivery on Orders $100+ ✔ Shop Today!,Keywords meta tag not found.,
https://kansasfarmfoodconnection.org/spotlights/different-types-of-sausage,success,Different Types of Sausage | Kansas Farm Food,The world has a wide variety of weenies to offer! How many of these international sausages have you tried?,Keywords meta tag not found.,
https://kellersfarmstores.com/products/sausages,success,Keller's Farm Stores - Sausages,"Keller's Farm Stores in Albuquerque, NM, Albuquerque's Favorite Independent Grocerwith the highest quality, most delicious tasting, farm fresh, natural foods","natural foods,natural grocer,farm fresh,albuquerque,Natural Meat,smoked meat,buffalo,Exotic Meats,fresh fish,smoked fish,bacon,sausage,cheese,",
https://ncsmokehouse.com/shop-category/sausage/,success,Order Sausages Online | Uncured & Organic Smoked Sausage | North Country Smokehouse,"Part of what makes our sausages so special is that every ingredient is top quality, authentic, and chosen with care. Filled with coarsely ground, lean meats in unobtrusive, natural casings, each robust link is bursting with its own well-rounded palate of distinctive, natural seasonings.Our full menu of ethnic European and regional American recipes range from pungent old-world favorites to lean and subtle poultry sausages, each celebrating the melting pot that defines our country and the pride of the people make them. Each variety arrives fully cooked and ready to savor.",Keywords meta tag not found.,
https://ncsmokehouse.com/shop-category/sausage/?srsltid=AfmBOopA_2HblFw5G2tpgk4uIOC1j_G4Az7sckz7EoHil1CwxMckqRLf,success,Order Sausages Online | Uncured & Organic Smoked Sausage | North Country Smokehouse,"Part of what makes our sausages so special is that every ingredient is top quality, authentic, and chosen with care. Filled with coarsely ground, lean meats in unobtrusive, natural casings, each robust link is bursting with its own well-rounded palate of distinctive, natural seasonings.Our full menu of ethnic European and regional American recipes range from pungent old-world favorites to lean and subtle poultry sausages, each celebrating the melting pot that defines our country and the pride of the people make them. Each variety arrives fully cooked and ready to savor.",Keywords meta tag not found.,
https://opassmokedmeats.com/collections/sausage,success,Sausage – Opa's Smoked Meats,"Opa's smoked sausage is fully cooked and ready for grilling or tossed into your favorite dish. Your family and guests will love it, however it is served!",Keywords meta tag not found.,
https://schallerweber.com/collections/sausages,success,Sausages,"There is no food more quintessentially German than the sausage. They’re in homes, at parties, on the street–sausages are simply part of the culture. Ferdinand Schaller brought that sausage culture with him when he arrived in New York, and Schaller &amp; Weber remains as committed to the sausage today. By making some of",Keywords meta tag not found.,
https://schallerweber.com/collections/sausages?srsltid=AfmBOor1GkpzcbJT_cMOlROVR9SdQymSfg8z8fm-KB9OKWm_6dd_r-HW,success,Sausages,"There is no food more quintessentially German than the sausage. They’re in homes, at parties, on the street–sausages are simply part of the culture. Ferdinand Schaller brought that sausage culture with him when he arrived in New York, and Schaller &amp; Weber remains as committed to the sausage today. By making some of",Keywords meta tag not found.,
https://smithfield.sfdbrands.com/en-us/products/sausage/,success,Attention Required! | Cloudflare,Description meta tag not found.,Keywords meta tag not found.,
https://smokedmeats.com/collections/sausages,success,Smoked Sausages | Mahogany Smoked Meats,Find the best smoked sausages at Mahogany Smoked Meats. It’s made fresh each week using the best recipes.,Keywords meta tag not found.,
https://southsidemarket.com/collections/sausage?srsltid=AfmBOoreVCtqRQYmNJJdrCmMvfVCU07irnfxxpeKsqa05aIXSOmOUgs7,success,"Iconic Sausages from Elgin, Texas | Southside Market & Barbeque",Savor iconic flavor with Southside Market's legendary sausages! Explore classic and signature sausages crafted with authentic recipes and premium ingredients. Fire up the grill and elevate your BBQ game with Southside Market sausages. Since 1882. Order online and get it delivered to your door with nationwide shipping.,Keywords meta tag not found.,
https://southsidemarket.com/products/original-beef-sausage,success,Original Beef Smoked Sausage - Elgin Hot Guts | Southside Market & Barbeque,"Original Beef Smoked Sausage - Since 1882. Known by locals and old-timers as “Elgin Hot Sausage” or simply “Hot Guts”, this is the sausage that put Southside on the map. All beef, coarsely ground in a natural pork casing, and seasoned with cracked black pepper. Order online and get it delivered to your door with nationwide shipping.",Keywords meta tag not found.,
https://stopandshop.com/groceries/meat/hot-dogs-sausages/sausages.html,success,Security Block in Place,Description meta tag not found.,Keywords meta tag not found.,
https://taylorsausage.com/,success,Premium Sausage & Meat Products Since 1924 - Taylor's Sausage,The finest products since 1924Now delivered right to your door,Keywords meta tag not found.,
https://thousandhillslifetimegrazed.com/product-category/hot-dogs-sausages/,success,Hot Dogs & Sausages,"Thousand Hills Beef Hot Dogs or Sausages give your friends and family the best. 100% Grass Fed, Grass Finished Beef.  Antibiotic and Hormone Free.",Keywords meta tag not found.,
https://ulisfamoussausage.com/,success,Best Italian and German Sausage Company & Special Sausage Vendors Seattle WA - Uli's Famous Sausage Store,"Uli’s Famous Sausage is made daily from the best cuts of meat, the finest in-house blended spices, and, most importantly, with love for our craft and customers. Browse our menu to order today!",Keywords meta tag not found.,
https://ulisfamoussausage.com/?srsltid=AfmBOoo3E6G1lTDi80Zc7-PlailPNx-eHrtyMmOpghIhnBzoz2QCNJBu,success,Best Italian and German Sausage Company & Special Sausage Vendors Seattle WA - Uli's Famous Sausage Store,"Uli’s Famous Sausage is made daily from the best cuts of meat, the finest in-house blended spices, and, most importantly, with love for our craft and customers. Browse our menu to order today!",Keywords meta tag not found.,
https://whiteoakpastures.com/collections/grassfed-pastured-sausages,success,Grassfed & Pastured Sausages – White Oak Pastures,"Using muscle cuts, our sausages are noted for their quality and taste. Our signature line is made with simple ingredients, which creates a taste that's second to none. Whether you are looking for a delicious breakfast protein or even a center of the plate entree, our sausages will fit any dish. Our sausage is hand-made",Keywords meta tag not found.,
https://whiteoakpastures.com/collections/grassfed-pastured-sausages?srsltid=AfmBOop4tJ8-uPw_Hy2DrVARuRBd02oCzt4kXpYQb8gIZTwGMB6CecMm,success,Grassfed & Pastured Sausages – White Oak Pastures,"Using muscle cuts, our sausages are noted for their quality and taste. Our signature line is made with simple ingredients, which creates a taste that's second to none. Whether you are looking for a delicious breakfast protein or even a center of the plate entree, our sausages will fit any dish. Our sausage is hand-made",Keywords meta tag not found.,
https://wildforkfoods.com/collections/sausages/,success,Sausages,"Shop now the best variety in sausages from Wild Fork. From classic hot dogs, chicken sausage to German style bratwurst, blood sausages, Argentinian and Brazilian style sausages.",Keywords meta tag not found.,
https://wildforkfoods.com/collections/sausages/?srsltid=AfmBOooCgExp35-m-ihsyIphTzuuRHaW-YmKkf5PMOh_LtEhcu1g0IKm,success,Sausages,"Shop now the best variety in sausages from Wild Fork. From classic hot dogs, chicken sausage to German style bratwurst, blood sausages, Argentinian and Brazilian style sausages.",Keywords meta tag not found.,
https://wildforkfoods.com/collections/sausages/?srsltid=AfmBOopolVgFF2YPXskI6V2PyubNN7Uk0_Y9quLcKRih5pcLB-9DosmW,success,Sausages,"Shop now the best variety in sausages from Wild Fork. From classic hot dogs, chicken sausage to German style bratwurst, blood sausages, Argentinian and Brazilian style sausages.",Keywords meta tag not found.,
https://www.aidells.com/products/dinner-sausage/cajun-andouille/,success,Cajun Style Andouille Smoked Sausage made with Pork | Aidells,"Our lean pork is double smoked for a deep, rich flavor and combined with a special Creole spice blend to make this andouille sausage gumbo and jambalaya ready.",,
https://www.amazon.com/Sausages/b?ie=UTF8&node=371476011,success,Amazon.com : Sausages,Description meta tag not found.,Keywords meta tag not found.,
https://www.banquet.com/links-and-patties/brown-n-serve-original-sausage-links,success,Original Sausage Links | Banquet,"Round out your breakfast with sausage links from Banquet. Easy to prepare, this fully cooked side will fit perfectly into your morning routine.","banquet brown n serve sausage links, brown n serve sausage links, frozen sausage links",
https://www.bavariasausage.com/,success,Bavaria Sausage | Authentic Old World German Sausage Makers,"Authentic Old World German Sausage, from Our Kitchen to Yours! Over 1,000 Authentic German Foods and Specialty German Meat Products. Hundreds of Wisconsin Cheeses & Imports, available for shipping within the U.S.","Authentic German Foods, German Meat Products, Cheeses",
https://www.beelerspurepork.com/product-category/sausage-wieners/,success,Sausage & Wieners - Beeler's Pure Pork,"Breakfast sausage, hot dogs, bratwurst and more! Look to Beeler's for the tastiest pork sausage around. Antibiotic free, humanely raised. Buy now.",Keywords meta tag not found.,
https://www.beststopinscott.com/product-category/smoked-sausage/,success,Delicious Smoked Sausage | Buy Sausage | The Best Stop in Scott,Indulge in delicious smoked sausage. Discover the convenience of buying online and enjoy the irresistible flavor from the comfort of your home. Order now!,Keywords meta tag not found.,
https://www.bluecirclefoods.com/collections/salmon-sausages-hot-dogs,success,Salmon Sausages & Hot Dogs – Blue Circle Foods,"Simple ingredients come together to create our ready-in-minutes salmon sausages. A welcome addition to the weeknight dinner rotation or weekend grilling, salmon sausages won’t fall apart while cooking. It’s the easiest way to make sustainable fish a part of your everyday diet.",Keywords meta tag not found.,
https://www.bonappetit.com/story/how-to-cook-sausages,success,How to Cook Sausages So They're Not Weirdly Raw Inside (or Burnt) | Bon Appétit,"Know how to cook sausages? So they're not weird and maybe raw in the middle? No? This two-step, simmer-then-sear method is for you.","basically,sausage,sandwich",
https://www.britannica.com/topic/sausage,success,"Sausage | Description, Types, & Ingredients | Britannica","Sausage, meat product made of finely chopped and seasoned meat, which is usually stuffed into a casing and may be fresh, smoked, cooked, dry, or pickled. Sausages of fish or poultry are also made. A wide variety of spices and condiments are used in sausage making. Learn more about sausage with this article.","sausage, encyclopedia, encyclopeadia, britannica, article",
https://www.brookshires.com/categories/meat-seafood/sausage-id-C204005,success,Sausage - Brookshire's,Brookshire's,Keywords meta tag not found.,
https://www.epicurious.com/ingredients/guide-to-german-and-eastern-european-sausages-bratwurst-kielbasa-article,success,A Guide to German and Eastern European Sausages | Epicurious,Can't tell your knackwurst from your bockwurst? This primer on sausages—from bratwurst and weisswurst to thuringer and kielbasa—is all you need. Check it out.,"sausage,shopping,groceries,german,russian,meat,pork,grill,grilling",
https://www.espositosausage.com/,success,Esposito's Finest Quality Sausages,"New York City's best, freshest sausages since 1933!",Keywords meta tag not found.,
https://www.espositosausage.com/?srsltid=AfmBOoojOmD3x58WBF4uqBOF-9oTTBgZv9Ns2ViNJIvi0y5SbteZBDmQ,success,Esposito's Finest Quality Sausages,"New York City's best, freshest sausages since 1933!",Keywords meta tag not found.,
https://www.espositosausage.com/?srsltid=AfmBOoqGaQlwXgmO1yNkKPLV4_Ok2WxxzJ0K-3bpg-hAA1HJPFEXASKK,success,Esposito's Finest Quality Sausages,"New York City's best, freshest sausages since 1933!",Keywords meta tag not found.,
https://www.fairwaymarket.com/categories/meat/sausages-id-520078,success,Sausages - Fairway,Fairway,Keywords meta tag not found.,
https://www.foodandwine.com/meat-poultry/sausage/sausage-recipes,success,Our Best Sausage Dishes,"Whether it's grilled, stewed, braised, or sautéed, sausage is the star of some of the most satisfying (and quickest) meals to make. Here are a few of our best sausage dishes to make now.",Keywords meta tag not found.,
https://www.fossilfarms.com/collections/gourmet-sausages,success,Gourmet Sausages - Buy the Best Sausages Online from Fossil Farms,"Our game and traditional gourmet sausages come in a variety of unique flavor pairings. Made with quality ingredients, these artisanal sausages are bursting with juiciness and flavor. Fossil Farm's sausages come from humanely cared for animals that have never been administered antibiotics, steroids or hormones.",Keywords meta tag not found.,
"https://www.fsis.usda.gov/food-safety/safe-food-handling-and-preparation/meat-fish/sausages-and-food-safety#:~:text=Sausages%20are%20either%20uncooked%20or,for%20example)%20or%20a%20combination.",success,,Description meta tag not found.,Keywords meta tag not found.,
https://www.gianteagle.com/category/meat/sausages/17159,success,Sausages | Neighborhood Grocery Store & Pharmacy | Giant Eagle,,Keywords meta tag not found.,
https://www.heb.com/category/shop/sausage/490110/490537,success,,Description meta tag not found.,Keywords meta tag not found.,
https://www.hillshirefarm.com/products/link-sausage/,success,All Sausage Link Products | Hillshire Farm® Brand,"Here you can find all your favorite Hillshire Farm® Sausage Link products, including Bratwursts, Hot Links and Hillshire Farm® Smoked Sausage links. Delicious!",,
https://www.hillshirefarm.com/products/smoked-sausage/,success,All Smoked Sausage Rope Products | Hillshire Farm® Brand,"Find all your favorite Hillshire Farm® Smoked Sausage products, including Beef, Chicken & Polska Kielbasa smoked sausages. View all rope sausage products.",,
https://www.hormelfoodservice.com/products/sausages-brats-hot-dogs/,success,Sausages/Brats/Hot Dogs • Hormel Foodservice,Description meta tag not found.,Keywords meta tag not found.,
https://www.ilporcellinodenver.com/blogs/bills-blog/what-is-sausage,success,What is Sausage? (What’s in it? How is it made? Different types?) – il porcellino salumi,You like to eat sausage and we make lots of sausages. This post details how we make our sausage and traditional types of sausage that you should know.,Keywords meta tag not found.,
"https://www.ilporcellinodenver.com/blogs/bills-blog/what-is-sausage#:~:text=Most%20sausage%20is%20made%20from,a%20supple%20and%20moist%20product.",success,What is Sausage? (What’s in it? How is it made? Different types?) – il porcellino salumi,You like to eat sausage and we make lots of sausages. This post details how we make our sausage and traditional types of sausage that you should know.,Keywords meta tag not found.,
https://www.ilporcellinodenver.com/blogs/bills-blog/what-is-sausage?srsltid=AfmBOopd8w3DAkQPHbi5dWbNhAQACsaAv5XnzNb9Y8nSCs0gIIs4HaxA,success,What is Sausage? (What’s in it? How is it made? Different types?) – il porcellino salumi,You like to eat sausage and we make lots of sausages. This post details how we make our sausage and traditional types of sausage that you should know.,Keywords meta tag not found.,
https://www.jacksgourmet.com/collections/sausages,success,Gluten Free Kosher Beef Sausages & Hot Dogs - JacksGourmet.com,"With the philosophy that only the finest ingredients will produce the best-tasting Sausages and Hot Dogs, Jack’s Gourmet carefully sources every ingredient they use. From premium cuts of beef to fresh garlic to whole spices, at Jack’s Gourmet ​the belief is that what you use is as important as what you don’t use.",Keywords meta tag not found.,
https://www.jimmydean.com/products/fresh-sausage/,success,Fresh Sausage and Breakfast Sausage | Jimmy Dean® Brand,"Looking for fresh sausage and breakfast sausage options? View the variety from Jimmy Dean® Brand with sausage links, patties, hot sausage and more.",,
https://www.joeskc.com/products/sausage-1-lb,success,Smoked Sausage 1lb | Joe's Kansas City Bar-B-Que,House made sausage from JoesKC.com serves 1-2,Keywords meta tag not found.,
https://www.jonesdairyfarm.com/product-explorer/breakfast-sausage/,success,Breakfast Sausage - Our Products | Jones Dairy Farm,"Explore Jones Dairy Farm's Breakfast Sausage products that use fresh, never frozen ingredients that nourish your health, the animals, and the environment.",Keywords meta tag not found.,
https://www.kqf.com/sausages/,success,Kent Quality Foods,,Keywords meta tag not found.,
https://www.kroger.com/q/sausages,success,,Description meta tag not found.,Keywords meta tag not found.,
https://www.kunzler.com/foodservice/franks-and-sausages/,success,Foodservice Franks & Sausages |,Description meta tag not found.,Keywords meta tag not found.,
https://www.lowesfoods.com/sausageworks,success,SausageWorks | Lowes Foods Grocery Stores,"Our wacky Sausage Professor has crafted over 60 delicious sausage experiments from the familiar crowd-pleasers to the ""are you insane?"" combinations. ",Keywords meta tag not found.,
"https://www.nhs.uk/live-well/eat-well/food-types/meat-nutrition/#:~:text=try%20to%20limit%20processed%20meat,high%20in%20fat%20and%20salt",success,Meat in your diet - NHS,"Meat is a good source of protein. Find out more about meat and nutrition, and how meat – including chicken, pork, lamb and beef – can form part of a healthy diet when cooked, stored and prepared safely.",Keywords meta tag not found.,
https://www.nimanranch.com/our-meats/sausages/,success,"Pre-Cooked, Nitrate Free Sausages | Niman Ranch",These fully cooked all pork sausages are available in a variety of flavors. All Niman Ranch sausages are uncured and do not have added nitrites or nitrates.,Keywords meta tag not found.,
https://www.nueskes.com/sausage,success,Sausage,Description meta tag not found.,"Magento, Varien, E-commerce",
https://www.olympiaprovisions.com/collections/sausage,success,Sausage | Olympia Provisions | Handcrafted Artisan Sausages,"Perfected with fresh herbs, spices, and premium pork, our sausages are handmade delicacies fit for the finest grills and kitchens.",Keywords meta tag not found.,
https://www.olympiaprovisions.com/collections/sausage?srsltid=AfmBOoqPTldf-9QDWlZL66SLTqexr-vJl-xBzDGntwYfap3Ookhp5Eir,success,Sausage | Olympia Provisions | Handcrafted Artisan Sausages,"Perfected with fresh herbs, spices, and premium pork, our sausages are handmade delicacies fit for the finest grills and kitchens.",Keywords meta tag not found.,
https://www.olympiaprovisions.com/collections/sausage?srsltid=AfmBOoqsHQ9lAzCF1jv05usGqZ5qS7Ak2uq0zSvp9Y5UFYx0dKq7lXS2,success,Sausage | Olympia Provisions | Handcrafted Artisan Sausages,"Perfected with fresh herbs, spices, and premium pork, our sausages are handmade delicacies fit for the finest grills and kitchens.",Keywords meta tag not found.,
https://www.omahasteaks.com/buy/Burgers-and-Franks/Franks-Brats-and-Sausage,success,"Gourmet Franks, Sausage &amp; Bratwurst | Order Delivery Online","Omaha Steaks offers incredible old-fashioned franks, sausages &amp; bratwursts. They're even better than hot dogs at the ballpark. Order online today for delivery!",,
https://www.parkerhousesausage.com/,success,The best sausages in Chicago - visit the Parker House Sausage Company,"When in Chicago, be sure to visit the Parker House Sausage Company. In our offer you willfind sausages, headcheese and hot links, which are made according to traditional homerecipes.",Keywords meta tag not found.,
https://www.paulinamarket.com/collections/sausages,success,Homemade Sausages | Paulina Market | Chicago,"Paulina Market's sausage kitchen has been operating since 1949 in Lakeview neighborhood of Chicago, IL. Currently making over 50 different sausage year round...",Keywords meta tag not found.,
https://www.pickledstore.com/categories/Sausage/,success,"Pickled Sausage, Spicy Pickled Sausages | pickledstore.com",Great tasting pickled sausage! Sausage that takes you back to when you could buy one at a time from your local tavern counter top. Buy today - you won't be disappointed.,"pickled products, pickled snacks, pickled sausage, quail eggs, pickled, pigs feet, pork, cajun, cajun food, sausage, hock, pork lips, lips, red eggs, pickled eggs, pickled, matt, dana, matt & dana, cajun, cajun style, red eggs, pig lips, pork lips, pickled pigs feet",
https://www.praseks.com/shop/smoked-sausage/smoked-pork-beef-sausage/,success,Smoked Pork & Beef Sausage | Prasek's Family Smokehouse,"Made from the Prasek original Czech family recipe, Smoked Pork & Beef sausage is our most popular. No fillers, proven quality meats, hardwood smoke and a bit of spice.",Keywords meta tag not found.,
https://www.premiofoods.com/product-category/real-italian-sausage/,success,Real & Fresh Italian Sausage | Shop Now | Premio Foods,Our sausage is made with butcher-quality cuts of meat with only the highest quality ingredients. Browse Premio real italian sausage here. Find a store!,Keywords meta tag not found.,
https://www.propersausages.com/,success,Proper Sausages,Miami's Premier Butcher & Sandwich Shop,Keywords meta tag not found.,
https://www.ralphs.com/q/sausage,success,,Description meta tag not found.,Keywords meta tag not found.,
https://www.realsimple.com/food-recipes/how-to-cook-sausage,success,How to Cook Sausage the Best Way,"I tried three methods for cooking smoked sausage (stove, grill, and oven), and there was one clear winner. Here's my favorite way to cook it.",Keywords meta tag not found.,
https://www.redefinemeat.com/blog/how-to-cook-sausages/,success,How to Cook Sausages - Types & Tips | Redefine Meat,"Learn how to cook sausages and which cooking method fits the types of sausages you like best. Also, get cooking tips for popular sausage recipes!",Keywords meta tag not found.,
https://www.samsclub.com/b/bacon-sausage/1549?rootDimension=Product%20Type%3ASausage,success,Sausage - Sam's Club,Description meta tag not found.,Keywords meta tag not found.,
https://www.shoprite.com/categories/meat/sausages-id-520078,success,Just a moment...,Description meta tag not found.,Keywords meta tag not found.,
https://www.target.com/c/sausages-meat-seafood-grocery/-/N-p9cdq,success,Sausages : Target,"Shop Target for Sausages you will love at great low prices. Choose from Same Day Delivery, Drive Up or Order Pickup. Free standard shipping with $35 orders. Expect More. Pay Less.","Sausages, Meat & Seafood, Grocery",
https://www.tasteatlas.com/best-rated-sausages-in-the-world,success,100 Best Sausages in the World - TasteAtlas,"List includes: Alheira de Mirandela, Chorizo, Salsiccia, Sucuk, Chistorra.",Keywords meta tag not found.,
https://www.thespruceeats.com/history-of-sausage-1807660,success,What Is Sausage?,"Sausage is a mild-tasting or spicy meat mixture stuffed in a casing. It can be made of beef, pork, or chicken, and can be grilled, fried, or baked.",Keywords meta tag not found.,
https://www.thetasteofgermany.com/sausages/,success,Meat and Sausages,"Authentic German sausages and ham, made in Germany","German Brats, Franks, Sausages and Black Forest Ham",
https://www.viennabeef.com/shop-category/franks-sausages,success,Hot Dogs & Sausages,Description meta tag not found.,Keywords meta tag not found.,
https://www.walmart.com/browse/food/sausages/976759_9569500_2941132_7236134,success,Robot or human?,Description meta tag not found.,Keywords meta tag not found.,
https://www.youtube.com/watch?v=MDUipdbMqP8,success,Gordon's Guide To Sausages - YouTube,"Here's Gordon's guide to shopping for different types of salami's, sausages & hams.#GordonRamsay #Cooking Gordon Ramsay's Ultimate Fit Food/Healthy, Lean and...","Gordon, Gordon Ramsay, Ramsay, Ramsey, Chef Ramsay, Recipe, Recipes, Food, Cooking, Cookery, Gordon Ramsay pork, Gordon Ramsay sausage, Gordon Ramsay sausage recipe, Gordon Ramsay pork recipe, Gordon Ramsay sausage rice, Gordon Ramsay rice, Gordon Ramsay cooking, Gordon Ramsay teaching, Gordon Ramsay masterclass, Gordon Ramsay ingredient guide, Gordon Ramsay shopping guide, Gordon Ramsay ingredients, sausage, sausage guide, pork guide, sausage recipe, pork recipe",
https://www.youtube.com/watch?v=euaZ_Sei6DI,success,Expert's Guide to Sausages - YouTube,Tasting expert Jack Bishop talks all about European-Style Sausages.Browse our newest recipes: https://cooks.io/3zR0nruABOUT US: The mission of America’s Test...,"cooks country, americas test kitchen, cooks illustrated, weeknight recipe, easy dinner, quick dinner, comfort food, easy recipe, family recipe, food show, cooking tv, cooking tips, how to, sausages, sausage, european style sausage",
https://www.zummo.com/product-page/party-time-smoked-sausage-links,success,Party Time Smoked Sausage Links | Zummo,Description meta tag not found.,Keywords meta tag not found.,
